id;name;description;file;file_content_type;upload_date
1;off deeply;lively;../fake-data/blob/hipster.png;image/png;2024-05-10T06:20:28
2;scratchy tailor than;indeed vacant;../fake-data/blob/hipster.png;image/png;2024-05-10T05:03:51
3;hideous faithfully physically;gratefully;../fake-data/blob/hipster.png;image/png;2024-05-09T20:32:54
4;irritating activation;out needy;../fake-data/blob/hipster.png;image/png;2024-05-09T22:24:17
5;opposite opposite including;desert spring roughly;../fake-data/blob/hipster.png;image/png;2024-05-10T10:39:46
6;however lend;since;../fake-data/blob/hipster.png;image/png;2024-05-10T02:25:14
7;jazz elderly investigator;readily;../fake-data/blob/hipster.png;image/png;2024-05-10T02:55:54
8;seemingly;aware hmph consequently;../fake-data/blob/hipster.png;image/png;2024-05-09T22:49:34
9;favorable;deal whether pessimistic;../fake-data/blob/hipster.png;image/png;2024-05-10T05:22:09
10;flame but mockingly;kissingly;../fake-data/blob/hipster.png;image/png;2024-05-10T09:36:19
